Metric,Current Value,Target Value,Status,Progress,Deadline,Business Impact
Total Features Delivered,25 production features,$5.28M annual value,✅ Complete,100%,2026-06-30,Platform foundation established
Critical Tasks (P1),3 of 8 complete,100% by July 15,⚠️ In Progress,38%,2026-07-15,"$1.02M value - Prevents downtime, enables mobile users"
High-Value Tasks (P2),0 of 10 complete,100% by July 31,🔴 Not Started,0%,2026-07-31,"$1.25M value - Historical data, firmware updates, bulk ops"
Medium Tasks (P3),0 of 11 complete,100% by Aug 31,🔴 Not Started,0%,2026-08-31,"$580K value - Compliance exports, custom alerts, CI/CD"
Future Features (P4),0 of 15 complete,Start Q3 2026,🔴 Planned,0%,2026-12-31,"$3.8M value - RBAC, multi-tenant, ML, mobile app"
Code Quality,25500 lines written,30% debt reduction,⚠️ Ongoing,10%,2026-09-01,Faster feature velocity maintainability
Test Coverage,0% (no tests),70% by year-end,🔴 Not Started,0%,2026-12-31,70% fewer production bugs
Team Velocity,18 story points/week,20 points/week target,⚠️ Ramping,90%,2026-08-01,Consistent delivery cadence
Customer Satisfaction,4.2/5 demo feedback,4.8/5 target,⚠️ Improving,88%,2026-09-30,Positive word-of-mouth referrals
Platform Uptime,97.5% current,99.9% SLA target,⚠️ Needs Work,98%,2026-08-31,Contract requirement for enterprise
Total Business Value Delivered,$5.28M (completed),$11.93M (full roadmap),⚠️ 44% Complete,44%,2026-12-31,ROI justification for continued investment
Revenue Impact (ARR),Est. $1.2M from current,Est. $5.15M from full roadmap,⚠️ Pipeline Building,23%,2027-06-30,Direct revenue generation SaaS transition
Cost Savings Delivered,$1.8M (operational),Est. $3.45M total potential,⚠️ 52% Captured,52%,2026-12-31,Truck roll reduction automation savings
Risk Score,12 active risks,<5 high-risk items,⚠️ Monitoring,Varies,Ongoing,3 critical risks need immediate attention