Week,Start Date,End Date,Sprint Goal,Key Tasks,Expected Deliverables,Business Value,Team Velocity (Story Points),Success Criteria
Week 28,2026-07-01,2026-07-07,Critical Stabilization Sprint 1,"P1-001 (IoT fix), P1-002 (Error boundaries), P1-005 (Loading skeletons), P1-006 (Empty states)","Stable gateway connections, No white screen crashes, Better UX during loading","$400K (prevents downtime + improves UX)",18,Zero production incidents; All P1 tasks on track
Week 29,2026-07-08,2026-07-14,Critical Stabilization Sprint 2,"P1-003 (Mobile responsive), P1-004 (Device discovery), P1-008 (Performance)","Mobile-friendly UI, Full device visibility, Fast table rendering","$620K (field access + asset discovery)",20,Demo works on iPad; 300+ devices discovered
Week 30,2026-07-15,2026-07-21,High-Value Features Sprint 1,"P2-001 (Toast persist), P2-002 (Bulk ops), P2-003 (Table sort), P2-004 (Component split)","Better alerts, Batch operations, Sortable tables, Cleaner codebase","$280K (admin efficiency + troubleshooting)",16,10 hours/week saved on device classification
Week 31,2026-07-22,2026-07-28,High-Value Features Sprint 2,"P2-005 (Video split), P2-006 (Shortcuts), P2-007 (Historical API), P2-008 (Device actions)","Reusable components, Power user features, Trend analysis, Remote control","$630K (productivity + capacity planning)",22,Historical charts working; Device reboot tested
Week 32,2026-07-29,2026-08-04,High-Value Features Sprint 3,"P2-009 (Firmware), P3-001 (Badge colors), P3-002 (Longer history), P3-003 (Fuzzy search)","OTA updates, Brand consistency, Better diagnostics, Faster search","$340K (automation + UX polish)",18,Firmware pushed to 1 gateway successfully
Week 33,2026-08-05,2026-08-11,Medium Features Sprint 1,"P3-004 (Export APIs), P3-005 (Branch map), P3-006 (Custom alerts)","CSV exports, National expansion, User-defined SLAs","$325K (compliance + scale + customization)",20,Audit log exported; Alert rules configurable
Week 34,2026-08-12,2026-08-18,Medium Features Sprint 2,"P3-007 (Health checks), P3-008 (Dynamic topology), P3-009 (Escalation)","Uptime SLA, Scalable diagrams, Auto-notifications","$255K (reliability + scale + MTTR)",16,99.9% uptime achieved; Slack alerts working
Week 35,2026-08-19,2026-08-25,DevOps & Quality Sprint,"P3-010 (Secrets Manager), P3-011 (CI/CD), Test infrastructure","Secure credentials, Automated deploys, Test framework","$180K (security + velocity)",14,Zero manual deploys; CI passing
Week 36,2026-08-26,2026-09-01,Buffer & Technical Debt,"Refactoring, Documentation, Bug fixes, Performance tuning","Cleaner code, Updated docs, Faster pages","$100K (maintainability + speed)",12,Technical debt backlog reduced 30%
Week 37+,2026-09-02,2026-12-31,Advanced Features (P4),"RBAC, Multi-tenant, ML predictions, Mobile app","Enterprise tier, SaaS model, Predictive maintenance","$3.8M (transformational value)",15-20/week,Enterprise contracts signed; SaaS beta launched